Continent;;AF;AF;AF;AF;AF;AF;AF;AF;AF;AF;AF;AF;AF;AF;AF;AF;AF;AF;AF;AF;AF;AF;AF;AF;AF;AF;AF;AF;AF;AF;AF;AF;AF;AF;AF;AF;AF;AF;AF;AF;AF;AF;AF;AF;AF;AF;AF;AF;AF;AF;AF;AF;AF;AF;AS;AS;AS;AS;AS;AS;AS;AS;;AS;AS;;AS;AS;AS;AS;AS;AS;AS;AS;AS;AS;AS;AS;AS;AS;AS;AS;AS;AS;AS;AS;AS;AS;AS;AS;AS;AS;AS;AS;AS;AS;AS;AS;;AS;EU;EU;EU;EU;EU;EU;EU;EU;EU;EU;EU;EU;EU;EU;EU;EU;EU;EU;EU;EU;EU;EU;EU;EU;EU;EU;EU;EU;EU;EU;EU;EU;EU;EU;EU;EU;EU;EU;EU;EU;EU;EU;EU;EU;EU;EU;EU;EU;EU;AM;AM;AM;AM;AM;AM;AM;AM;AM;AM;AM;AM;AM;AM;AM;AM;AM;AM;AM;AM;AM;AM;AM;AM;AM;AM;AM;AM;AM;AM;AM;AM;AM;AM;AM;OC;;OC;OC;OC;OC;OC;OC;OC;OC;OC;OC;OC;OC;OC;;;;;;;;;;;;;;;;;;;;;;;;;;;;;;;;;;;
Non-State;;;;;;;;;;;;;;;;;;;;;;;;;;;;;;;;;;;;;;;;;;;;;;;;;;;;;;;;;;;;;;;;AS;;;AS;;;;;;;;;;;;;;;;;;;;;;;;;;;;;;;;;AS;;;;;;;;;;;;;;;;;;;;;;;;;;;;;;;;;;;;;;;;;;;;;;;;;;;;;;;;;;;;;;;;;;;;;;;;;;;;;;;;;;;;;;;OC;;;;;;;;;;;;;;;;;;;;;;;;;;;;;;;;;;;;;;;;;;;;;;;;
Country;;Algeria;Angola;Benin;Botswana;Burkina Faso;Burundi;Cameroon;Cape Verde ;Central African Republic;Chad;Comoros;Congo;Côte d'Ivoire;Democratic Republic of Congo;Djibouti;Egypt;Equatorial Guinea;Eritrea;Ethiopia;Gabon;Gambia;Ghana;Guinea;Guinea-Bissau;Kenya;Lesotho;Liberia;Libya;Madagascar;Malawi;Mali;Mauritania;Mauritius;Morocco;Mozambique;Namibia;Niger;Nigeria;Rwanda;São Tome & Principe;Senegal;Seychelles;Sierra Leone;Somalia;South Africa ;South Sudan;Sudan;Swaziland;Tanzania;Togo;Tunisia;Uganda;Zambia;Zimbabwe;Afghanistan;Bahrain;Bangladesh;Bhutan;Brunei Darussalam;Cambodia;China;East Timor ;Gaza (in the Occupied Palestinian Territory);India;Indonesia (most);South Sumatra and Aceh Provinces (Indonesia);Iraq;Iran;Israel ;Japan ;Jordan ;Kazakhstan ;Kuwait;Kyrgyzstan ;Laos;Lebanon;Malaysia;Maldives;Mongolia ;Myanmar;Nepal ;North Korea;Oman;Pakistan;Philippines;Qatar;Saudi Arabia;Singapore;South Korea;Sri Lanka;Syria;Taiwan;Tajikistan ;Thailand ;Turkmenistan;Vietnam;United Arab Emirates;Uzbekistan;West Bank in the Occupied Palestinian Territory;Yemen;Albania ;Andorra ;Armenia ;Austria ;Azerbaijan ;Belarus ;Belgium ;Bosnia and Herzegovina;Bulgaria ;Croatia ;Cyprus ;Czech Republic ;Denmark ;Estonia ;Finland ;France ;Georgia ;Germany ;Greece ;Hungary ;Iceland ;Ireland;Italy ;Kosovo ;Latvia ;Liechtenstein ;Lithuania ;Luxembourg ;Macedonia (FYROM) ;Malta ;Moldova ;Monaco ;Montenegro ;Netherlands ;Norway ;Poland ;Portugal ;Romania ;Russia;San Marino ;Serbia ;Slovakia ;Slovenia ;Spain;Sweden ;Switzerland ;Turkey ;Ukraine ;United Kingdom (and associates);Antigua and Barbuda;Argentina ;Bahamas ;Barbados;Belize;Bolivia;Brazil;Costa Rica ;Chile ;Colombia ;Cuba ;Dominica;Dominican Republic ;Ecuador ;El Salvador ;Grenada;Guatemala ;Guyana;Haiti ;Honduras ;Jamaica;Mexico ;Nicaragua ;Panama ;Paraguay;Peru ;St Kitts & Nevis;St Lucia;St Vincent & the Grenadines;Suriname ;Trinidad and Tobago;Uruguay ;Venezuela;Canada;United States;Australia;Cook Islands (associates to New Zealand);Fiji ;Kiribati;Marshall Islands;Micronesia;New Zealand ;Nauru;Palau ;Papua New Guinea;Samoa;Solomon Islands;Tonga;Tuvalu;Vanuatu;;;;;;;;;;;;;;;;;;;;;;;;;;;;;;;;;;;
Legal;All genders;;;Benin;;Burkina Faso;;;Cape Verde ;Central African Republic;Chad;;Congo;Côte d'Ivoire;Democratic Republic of Congo;Djibouti;Egypt;Equatorial Guinea;;;Gabon;;;;Guinea-Bissau;;Lesotho;;;Madagascar;;Mali;;;;Mozambique;;Niger;;Rwanda;São Tome & Principe;;Seychelles;;;South Africa ;;;;;;;;;;;Bahrain;;;;Cambodia;China;East Timor ;;;Indonesia (most);;;;Israel ;Japan ;Jordan ;Kazakhstan ;;Kyrgyzstan ;Laos;;;;Mongolia ;;Nepal ;North Korea;;;Philippines;;;;South Korea;;;Taiwan;Tajikistan ;Thailand ;;Vietnam;;;West Bank in the Occupied Palestinian Territory;;Albania ;Andorra ;Armenia ;Austria ;Azerbaijan ;Belarus ;Belgium ;Bosnia and Herzegovina;Bulgaria ;Croatia ;Cyprus ;Czech Republic ;Denmark ;Estonia ;Finland ;France ;Georgia ;Germany ;Greece ;Hungary ;Iceland ;Ireland;Italy ;Kosovo ;Latvia ;Liechtenstein ;Lithuania ;Luxembourg ;Macedonia (FYROM) ;Malta ;Moldova ;Monaco ;Montenegro ;Netherlands ;Norway ;Poland ;Portugal ;Romania ;Russia;San Marino ;Serbia ;Slovakia ;Slovenia ;Spain;Sweden ;Switzerland ;Turkey ;Ukraine ;United Kingdom (and associates);;Argentina ;Bahamas ;;Belize;Bolivia;Brazil;Costa Rica ;Chile ;Colombia ;Cuba ;;Dominican Republic ;Ecuador ;El Salvador ;;Guatemala ;;Haiti ;Honduras ;;Mexico ;Nicaragua ;Panama ;Paraguay;Peru ;;;;Suriname ;;Uruguay ;Venezuela;Canada;United States;Australia;;Fiji ;;Marshall Islands;Micronesia;New Zealand ;Nauru;Palau ;;;;;;Vanuatu;;;;;;;;;;;;;;;;;;;;;;;;;;;;;;;;;;;
Age of consent;Equal;;;;;Burkina Faso;;;Cape Verde ;Central African Republic;;;;;Democratic Republic of Congo;Djibouti;Egypt;Equatorial Guinea;;;;;;;Guinea-Bissau;;Lesotho;;;;;Mali;;;;Mozambique;;;;;São Tome & Principe;;Seychelles;;;South Africa ;;;;;;;;;;;;;;;Cambodia;China;East Timor ;;;;;;;Israel ;Japan ;Jordan ;Kazakhstan ;;Kyrgyzstan ;Laos;;;;Mongolia ;;Nepal ;North Korea;;;Philippines;;;;South Korea;;;Taiwan;Tajikistan ;Thailand ;;Vietnam;;;West Bank in the Occupied Palestinian Territory;;Albania ;Andorra ;Armenia ;Austria ;Azerbaijan ;Belarus ;Belgium ;Bosnia and Herzegovina;Bulgaria ;Croatia ;Cyprus ;Czech Republic ;Denmark ;Estonia ;Finland ;France ;Georgia ;Germany ;;Hungary ;Iceland ;Ireland;Italy ;Kosovo ;Latvia ;Liechtenstein ;Lithuania ;Luxembourg ;Macedonia (FYROM) ;Malta ;Moldova ;Monaco ;Montenegro ;Netherlands ;Norway ;Poland ;Portugal ;Romania ;Russia;San Marino ;Serbia ;Slovakia ;Slovenia ;Spain;Sweden ;Switzerland ;Turkey ;Ukraine ;United Kingdom (and associates);;Argentina ;;;Belize;Bolivia;Brazil;Costa Rica ;;Colombia ;Cuba ;;Dominican Republic ;Ecuador ;El Salvador ;;Guatemala ;;Haiti ;Honduras ;;Mexico ;Nicaragua ;Panama ;;Peru ;;;;;;Uruguay ;Venezuela;;United States;Australia;;Fiji ;;Marshall Islands;Micronesia;New Zealand ;Nauru;Palau ;;;;;;Vanuatu;;;;;;;;;;;;;;;;;;;;;;;;;;;;;;;;;;;
;Unequal;;;Benin;;;;;;;Chad;;Congo;Côte d'Ivoire;;;;;;;Gabon;;;;;;;;;Madagascar;;;;;;;;Niger;;Rwanda;;;;;;;;;;;;;;;;;Bahrain;;;;;;;;;Indonesia (most);;;;;;;;;;;;;;;;;;;;;;;;;;;;;;;;;;;;;;;;;;;;;;;;;;;;;;Greece ;;;;;;;;;;;;;;;;;;;;;;;;;;;;;;;;;Bahamas ;;;;;;Chile ;;;;;;;;;;;;;;;;Paraguay;;;;;Suriname ;;;;Canada;;;;;;;;;;;;;;;;;;;;;;;;;;;;;;;;;;;;;;;;;;;;;;;;;;;
Illegal;Male;Algeria;Angola;;Botswana;;Burundi;Cameroon;;;;Comoros;;;;;Egypt;;Eritrea;Ethiopia;;Gambia;Ghana;Guinea;;Kenya;;Liberia;Libya;;Malawi;;Mauritania;Mauritius;Morocco;;Namibia;;Nigeria;;;Senegal;;Sierra Leone;Somalia;;South Sudan;Sudan;Swaziland;Tanzania;Togo;Tunisia;Uganda;Zambia;Zimbabwe;Afghanistan;;Bangladesh;Bhutan;Brunei Darussalam;;;;Gaza (in the Occupied Palestinian Territory);India;;South Sumatra and Aceh Provinces (Indonesia);Iraq;Iran;;;;;Kuwait;;;Lebanon;Malaysia;Maldives;;Myanmar;;;Oman;Pakistan;;Qatar;Saudi Arabia;Singapore;;Sri Lanka;Syria;;;;Turkmenistan;;United Arab Emirates;Uzbekistan;;Yemen;;;;;;;;;;;;;;;;;;;;;;;;;;;;;;;;;;;;;;;;;;;;;;;;;;Antigua and Barbuda;;;Barbados;;;;;;;;Dominica;;;;Grenada;;Guyana;;;Jamaica;;;;;;St Kitts & Nevis;St Lucia;St Vincent & the Grenadines;;Trinidad and Tobago;;;;;;Cook Islands (associates to New Zealand);;Kiribati;;;;;;Papua New Guinea;Samoa;Solomon Islands;Tonga;Tuvalu;;;;;;;;;;;;;;;;;;;;;;;;;;;;;;;;;;;;
;Female;Algeria;Angola;;Botswana;;Burundi;Cameroon;;;;Comoros;;;;;Egypt;;Eritrea;Ethiopia;;Gambia;;Guinea;;;;Liberia;Libya;;Malawi;;Mauritania;;Morocco;;;;Nigeria;;;Senegal;;;Somalia;;South Sudan;Sudan;;;;Tunisia;Uganda;Zambia;;Afghanistan;;;Bhutan;;;;;;;;South Sumatra and Aceh Provinces (Indonesia);Iraq;Iran;;;;;;;;;Malaysia;Maldives;;;;;Oman;;;Qatar;Saudi Arabia;;;Sri Lanka;Syria;;;;;;United Arab Emirates;;;Yemen;;;;;;;;;;;;;;;;;;;;;;;;;;;;;;;;;;;;;;;;;;;;;;;;;;Antigua and Barbuda;;;Barbados;;;;;;;;Dominica;;;;;;;;;;;;;;;;St Lucia;St Vincent & the Grenadines;;Trinidad and Tobago;;;;;;;;Kiribati;;;;;;;;Solomon Islands;;;;;;;;;;;;;;;;;;;;;;;;;;;;;;;;;;;;;;
Penalising text;Sexual act;Algeria;;;;;Burundi;Cameroon;;;;;;;;;;;Eritrea;Ethiopia;;;;;;;;;;;;;;;;;;;;;;;;;Somalia;;;;;;;;;;;Afghanistan;;;;;;;;Gaza (in the Occupied Palestinian Territory);;;;;;;;;;Kuwait;;;;;Maldives;;;;;Oman;;;;Saudi Arabia;;;;;;;;Turkmenistan;;;Uzbekistan;;Yemen;;;;;;;;;;;;;;;;;;;;;;;;;;;;;;;;;;;;;;;;;;;;;;;;;;;;;;;;;;;;;;;;;;;;;;;;;;;;;;;;;;;;;;;;;;;;;;;;;;;;;;;;;;;;;;;;;;;;;;;;;;;;;;;;;;;;;;
;Sodomy;;;;;;;;;;;;;;;;;;;;;;;;;;;Liberia;;;;;;Mauritius;Morocco;;Namibia;;;;;;;;;;;Sudan;Swaziland;;;;;Zambia;;;;;;;;;;;;;;;Iran;;;;;;;;;;;;;;;;;;;;;;;;;;;;;;;;;;;;;;;;;;;;;;;;;;;;;;;;;;;;;;;;;;;;;;;;;;;;;;;;;;;;;;;;;;;;;;;;;;;;;;;;;;;;;;;;;;;;;;Cook Islands (associates to New Zealand);;;;;;;;;Samoa;;Tonga;;;;;;;;;;;;;;;;;;;;;;;;;;;;;;;;;;;;;
;Against nature;;Angola;;Botswana;;;;;;;Comoros;;;;;;;;;;Gambia;Ghana;Guinea;;Kenya;;;Libya;;Malawi;;Mauritania;;;;;;Nigeria;;;Senegal;;;;;South Sudan;;;Tanzania;Togo;Tunisia;Uganda;;Zimbabwe;;;Bangladesh;Bhutan;Brunei Darussalam;;;;;India;;;;;;;;;;;;Lebanon;Malaysia;;;Myanmar;;;;Pakistan;;;;;;Sri Lanka;Syria;;;;;;United Arab Emirates;;;;;;;;;;;;;;;;;;;;;;;;;;;;;;;;;;;;;;;;;;;;;;;;;;;;;;;;;;;;;;;;;;;;Grenada;;;;;;;;;;;;;;;;;;;;;;;;;;;;;Papua New Guinea;;;;;;;;;;;;;;;;;;;;;;;;;;;;;;;;;;;;;;;;
;Buggery;;;;;;;;;;;;;;;;;;;;;;;;;;;;;;;;;;;;;;;;;;;Sierra Leone;;;;;;;;;;;;;;;;;;;;;;;;;;;;;;;;;;;;;;;;;;;;;;;;;;;;;;;;;;;;;;;;;;;;;;;;;;;;;;;;;;;;;;;;;;;;;;;;;;;;;;;;;;;Antigua and Barbuda;;;Barbados;;;;;;;;Dominica;;;;;;Guyana;;;Jamaica;;;;;;St Kitts & Nevis;St Lucia;St Vincent & the Grenadines;;Trinidad and Tobago;;;;;;;;Kiribati;;;;;;;;Solomon Islands;;Tuvalu;;;;;;;;;;;;;;;;;;;;;;;;;;;;;;;;;;;;
;Indecency/other;;;;;;;;;;;;;;;;;;;;;;;;;;;;;;;;;;;;;;;;;;;;;;;;;;;;;;;;;;;;;;;;;;South Sumatra and Aceh Provinces (Indonesia);Iraq;Iran;;;;;;;;;;;;;;;;;;;;Singapore;;;;;;;;;;;;;;;;;;;;;;;;;;;;;;;;;;;;;;;;;;;;;;;;;;;;;;;;;;;;;;;;;;;;;;;;;;;;;;;;;;;;;;;;;;;;;;;;;;;;;;;;;;;;;;;;;;;;;;;;;;;;;;;;;;;;;;;;;;;;;;;;;;
Promotion/Morality;Penal code;;;;;;;;;;;;;;;;Egypt;;;;;;;;;;;;;;;;;;;;;;Nigeria;;;;;;;;;;;;;;;;;;;;;;;;;;;;;;;;;;;;;;;;;;;;;;;;;;;;;;;;;;;;;;;;;;;;;;;;;;;;;;;;;;;;;;;;;Lithuania ;;;;;;;;;;;;Russia;;;;;;;;;;;;;;;;;;;;;;;;;;;;;;;;;;;;;;;;;;;;;;;;;;;;;;;;;;;;;;;;;;;;;;;;;;;;;;;;;;;;;;;;;;;;;;;
;Morality code;Algeria;;;;;;;;;;;;;;;Egypt;;;;;;;;;;;;Libya;;;;;;Morocco;;;;Nigeria (north);;;;;;Somalia;;;;;Tanzania;;Tunisia;;;;;;;;;;;;;;Indonesia;;Iraq;Iran;;;Jordan ;;Kuwait;;;Lebanon;;;;;;;;;;Qatar;Saudi Arabia;;;;Syria;;;;;;;;;;;;;;;;;;;;;;;;;;;;;;;;;;;;;;;;;;;;;;;;;;;;;;;;;;;;;;;;;;;;;;;;;;;;;;;;;;;;;;;;;;;;;;;;;;;;;;;;;;;;;;;;;;;;;;;;;;;;;;;;;;;;;;;;;;;;;;;
Ma.x Sentences (M)onths and (Y)ears;1 M - 2 Y;;;;;;Burundi;;;;;;;;;;;;;;;;;;;;;Liberia;;;;;Mauritania;;;;;;;;;;;;;;;;;;;;;;Zimbabwe;;;;Bhutan;;;;;;;;;Iraq;;;;;;;;;Lebanon;;;;;;;;;;;;Singapore;;;;;;;Turkmenistan;;;;;;;;;;;;;;;;;;;;;;;;;;;;;;;;Lithuania ;;;;;;;;;;;;Russia;;;;;;;;;;;;;;;;;;;;;;;;;;;;;;;;;;;;;;;;;;;;;;;;;;;;;;;;;;;;;;;;;;;;;;;;;;;;;;;;;;;;;;;;;;;;;;;
;3 Y - 7 Y;Algeria;Angola;;Botswana;;;Cameroon;;;;Comoros;;;;;Egypt;;;;;;Ghana;Guinea;;;;;Libya;;;;;Mauritius;Morocco;;;;;;;Senegal;;;Somalia;;;;;;Togo;Tunisia;;;;;;;;;;;;;;;;;;;;;;Kuwait;;;;;;;;;;;;;Qatar;;;;;Syria;;;;;;;Uzbekistan;;;;;;;;;;;;;;;;;;;;;;;;;;;;;;;;;;;;;;;;;;;;;;;;;;;;;;;;;;;;;;;;;;;;;;;;;;;;;;St Kitts & Nevis;;;;;;;;;;;;;;;;;;;Samoa;;;;;;;;;;;;;;;;;;;;;;;;;;;;;;;;;;;;;;;
;8 Y - 13 Y;;;;;;;;;;;;;;;;;;;;;Gambia;;;;Kenya;;;;;Malawi;;;;;;;;Nigeria;;;;;Sierra Leone;;;South Sudan;Sudan;Swaziland;;;;;;;Afghanistan;;Bangladesh;;Brunei Darussalam;;;;Gaza (in the Occupied Palestinian Territory);;;;;;;;;;;;;;Malaysia;;;Myanmar;;;;Pakistan;;;;;;Sri Lanka;;;;;;;United Arab Emirates;;;;;;;;;;;;;;;;;;;;;;;;;;;;;;;;;;;;;;;;;;;;;;;;;;;;;;;;;;;;;;;;Dominica;;;;Grenada;;;;;Jamaica;;;;;;;;St Vincent & the Grenadines;;;;;;;;Cook Islands (associates to New Zealand);;Kiribati;;;;;;Papua New Guinea;;Solomon Islands;Tonga;Tuvalu;;;;;;;;;;;;;;;;;;;;;;;;;;;;;;;;;;;;
;14-Y - Life;;;;;;;;;;;;;;;;;;Eritrea;Ethiopia;;;;;;;;;;;;;;;;;;;;;;;;;;;;;;Tanzania;;;Uganda;Zambia;;;;;;;;;;;India;;South Sumatra and Aceh Provinces (Indonesia);;;;;;;;;;;;Maldives;;;;;Oman;;;;;;;;;;;;;;;;;;;;;;;;;;;;;;;;;;;;;;;;;;;;;;;;;;;;;;;;;;;;;;;;;;;Antigua and Barbuda;;;Barbados;;;;;;;;;;;;;;Guyana;;;;;;;;;;St Lucia;;;Trinidad and Tobago;;;;;;;;;;;;;;;;;;;;;;;;;;;;;;;;;;;;;;;;;;;;;;;;;;;;;;
;Death;;;;;;;;;;;;;;;;;;;;;;;;;;;;;;;;Mauritania;;;;;;Nigeria;;;;;;Somalia;;;Sudan;;;;;;;;Afghanistan;;;;;;;;;;;;Iraq;Iran;;;;;;;;;;;;;;;;Pakistan;;Qatar;Saudi Arabia;;;;Syria;;;;;;United Arab Emirates;;;Yemen;;;;;;;;;;;;;;;;;;;;;;;;;;;;;;;;;;;;;;;;;;;;;;;;;;;;;;;;;;;;;;;;;;;;;;;;;;;;;;;;;;;;;;;;;;;;;;;;;;;;;Orange text = NOT IMPLEMENTED;Grey text = PARTS of that country implement death;Blue text = non-State actors implement death;White out text = death penalty implemented country-wide;;;;;;;;;;;;;;;;;;;;;;;;;;;;;;
Arrests in past 3 years?;Yes ;;;;;;;Cameroon;;;;;;;;;Egypt;;;;;Gambia;;Guinea;;Kenya;;;Libya;;Malawi;;Mauritania;;Morocco;;;;Nigeria;;;Senegal;;;Somalia;;;;Swaziland;Tanzania;;Tunisia;Uganda;Zambia;Zimbabwe;Afghanistan;;Bangladesh;;Brunei Darussalam;;;;Gaza (in the Occupied Palestinian Territory);India;;;Iraq;Iran;;;;;Kuwait;;;Lebanon;Malaysia;Maldives;;Myanmar;;;Oman;Pakistan;;Qatar;Saudi Arabia;;;;Syria;;;;Turkmenistan;;United Arab Emirates;Uzbekistan;;Yemen;;;;;;;;;;;;;;;;;;;;;;;;;;;;;;;;;;;;;;;Russia;;;;;;;;;;;;;;;;;;;;;;;;;;;;;;;;;;;;;;;;;;;;;;;;;;;;;;;Papua New Guinea;;;;;;;;;;;;;;;;;;;;;;;;;;;;;;;;;;;;;;;;
Ban on NGOs;Yes;Algeria;;;;;;;;;;;;;;;Egypt;;;;;;;;;;;;Libya;;Malawi;;Mauritania;;Morocco;Mozambique;;;Nigeria;;;;;;;;;Sudan;;Tanzania;;;Uganda;;;;Bahrain;Bangladesh;;;;China;;;;;;;;;;Jordan ;Kazakhstan ;Kuwait;;;;;;;;;North Korea;Oman;;;Qatar;Saudi Arabia;;;;Syria;;;;;;United Arab Emirates;;;Yemen;;;;;;;;;;;;;;;;;;;;;;;;;;;;;;;;;;;;;;;Russia;;;;;;;;;;;;;;;;;;;;;;;;;;;;;;;;;;;;;;;;;;;;;;;;;;;;;;;;;;;;;;;;;;;;;;;;;;;;;;;;;;;;;;;;;;;;;;;
NRHI - SO-inclusive? ;Yes;;Angola;;Botswana;;;;;;;;;;;;;;;;;;;;;Kenya;;Liberia;;;Malawi;;;Mauritius;;Mozambique;Namibia;;;Rwanda;;;Seychelles;;;South Africa ;;;;;;;Uganda;Zambia;Zimbabwe;;;Bangladesh;;;;;;;India;Indonesia (most);;;;;;;Kazakhstan ;;Kyrgyzstan ;;;;;Mongolia ;Myanmar;Nepal ;;;Pakistan;Philippines;;;;South Korea;Sri Lanka;;Taiwan;;Thailand ;;;;;;;Albania ;;;Austria ;;;Belgium ;Bosnia and Herzegovina;Bulgaria ;Croatia ;Cyprus ;Czech Republic ;Denmark ;Estonia ;Finland ;France ;Georgia ;Germany ;Greece ;Hungary ;;Ireland;Italy ;Kosovo ;Latvia ;;Lithuania ;Luxembourg ;;Malta ;Moldova ;;Montenegro ;Netherlands ;Norway ;Poland ;Portugal ;Romania ;;;Serbia ;Slovakia ;Slovenia ;;Sweden ;;;;United Kingdom (and associates);;Argentina ;;;;Bolivia;Brazil;Costa Rica ;Chile ;Colombia ;;;;Ecuador ;;;Guatemala ;;Haiti ;Honduras ;;Mexico ;Nicaragua ;Panama ;;Peru ;;;;;Trinidad and Tobago;Uruguay ;Venezuela;Canada;;Australia;;Fiji ;;;;New Zealand ;;;;Samoa;;;;;;;;;;;;;;;;;;;;;;;;;;;;;;;;;;;;;;;
;No ;Algeria;;Benin;;Burkina Faso;Burundi;Cameroon;Cape Verde ;;;;Congo;;Democratic Republic of Congo;Djibouti;Egypt;Equatorial Guinea;;;Gabon;;Ghana;Guinea;Guinea-Bissau;;;;Libya;Madagascar;;Mali;Mauritania;;Morocco;;;Niger;Nigeria;;;Senegal;;Sierra Leone;Somalia;;South Sudan;Sudan;;Tanzania;Togo;Tunisia;;;;;Bahrain;;Bhutan;Brunei Darussalam;;;;Gaza (in the Occupied Palestinian Territory);;;;Iraq;;;;Jordan ;;;;;;;Maldives;;;;;Oman;;;Qatar;Saudi Arabia;;;;Syria;;Tajikistan ;;Turkmenistan;;United Arab Emirates;Uzbekistan;;Yemen;;;Armenia ;;Azerbaijan ;Belarus ;;;;;;;;;;;;;;;;;;;;;;;Macedonia (FYROM) ;;;Monaco ;;;;;;;Russia;;;;;Spain;;;Turkey ;Ukraine ;;Antigua and Barbuda;;;Barbados;Belize;;;;;;;;;;El Salvador ;Grenada;;Guyana;;;Jamaica;;;;;;;St Lucia;St Vincent & the Grenadines;;;;;;United States;;;;;;;;;;Papua New Guinea;;Solomon Islands;;;;;;;;;;;;;;;;;;;;;;;;;;;;;;;;;;;;;;
;Unclear;;;;;;;;;;Chad;;;;;;;;;;;;;;;;;;;;;;;;;;;;;;;;;;;;;;Swaziland;;;;;;;Afghanistan;;;;;;;East Timor ;;;;;;;;;;;;;;;Malaysia;;;;;;;;;;;;;;;;;;;;;;West Bank in the Occupied Palestinian Territory;;;;;;;;;;;;;;;;;;;;;;;;;;;;;;;;;;;;;;;;;;;;;;;;;;;;;;;;;;;;;;;Dominican Republic ;;;;;;;;;;;;;;;;;;;;;;;;;;;;;;;;;;;;;;;;;;;;;;;;;;;;;;;;;;;;;;;;;;;;;;;;
;None;;;;;;;;;Central African Republic;;Comoros;;Côte d'Ivoire;;;;;Eritrea;Ethiopia;;Gambia;;;;;Lesotho;;;;;;;;;;;;;;São Tome & Principe;;;;;;;;;;;;;;;;;;;;Cambodia;China;;;;;;;Iran;Israel ;Japan ;;;Kuwait;;Laos;Lebanon;;;;;;North Korea;;;;;;Singapore;;;;;;;;Vietnam;;;;;;Andorra ;;;;;;;;;;;;;;;;;;;Iceland ;;;;;Liechtenstein ;;;;;;;;;;;;;;San Marino ;;;;;;Switzerland ;;;;;;;;;;;;;;Cuba;Dominica;;;;;;;;;;;;;Paraguay;;St Kitts & Nevis;;;Suriname ;;;;;;;Cook Islands (associates to New Zealand);;Kiribati;Marshall Islands;Micronesia;;Nauru;Palau ;;;;Tonga;Tuvalu;Vanuatu;;;;;;;;;;;;;;;;;;;;;;;;;;;;;;;;;;;
Protection;Const-itution;;;;;;;;;;;;;;;;;;;;;;;;;;;;;;;;;;;;;;;;;;;;;South Africa ;;;;;;;;;;;;;;;;;;;;;;;;;;;;;;;;;;;;Nepal ;;;;;;;;;;;;;;;;;;;;;;;;;;;;;;;;;;;;;;;;;;;Kosovo ;;;;;;Malta ;;;;;;;Portugal ;;;;;;;;Sweden ;;;;;;;;;;Bolivia;Brazil;;;;;;;Ecuador ;;;;;;;;Mexico ;;;;;;;;;;;;;;;;Fiji ;;;;;;;;;;;;;;;;;;;;;;;;;;;;;;;;;;;;;;;;;;;;;;;
;Employ-ment;;;;Botswana;;;;Cape Verde ;;;;;;;;;;;;;;;;;;;;;;;;;Mauritius;;Mozambique;;;;;;;Seychelles;;;South Africa ;;;;;;;;;;;;;;;;;;;;;;;;Israel ;;;;;;;;;;;;;;;;;;;;South Korea;;;Taiwan;;Thailand ;;;;;;;Albania ;Andorra ;;Austria ;;;Belgium ;Bosnia and Herzegovina;Bulgaria ;Croatia ;Cyprus ;Czech Republic ;Denmark ;Estonia ;Finland ;France ;Georgia ;Germany ;Greece ;Hungary ;Iceland ;Ireland;Italy ;Kosovo ;Latvia ;;Lithuania ;Luxembourg ;;Malta ;Moldova ;;Montenegro ;Netherlands ;Norway ;Poland ;Portugal ;Romania ;;San Marino ;Serbia ;Slovakia ;Slovenia ;Spain;Sweden ;Switzerland ;;Ukraine ;United Kingdom (and associates);;;;;;Bolivia;Brazil;Costa Rica ;Chile ;Colombia ;Cuba;;;Ecuador ;El Salvador ;;;;;Honduras ;;Mexico ;Nicaragua ;;;Peru ;;St Lucia;;Suriname ;;Uruguay ;Venezuela;Canada;;Australia;;Fiji ;Kiribati;;;New Zealand ;;;;Samoa;;;;;;;;;;;;;;;;;;;;;;;;;;;;;;;;;;;;;;;
;Other;;;;;;;;;;;;;;;;;;;;;;;;;;;;;;;;;Mauritius;;;;;;;;;;;;;;;;;;;;;;;;;;;;;East Timor ;;;;;;;;Japan ;;;;;;;;;Mongolia ;;;;;;Philippines;;;;South Korea;;;;;Thailand ;;;;;;;Albania ;;;Austria ;;;Belgium ;Bosnia and Herzegovina;Bulgaria ;Croatia ;Cyprus ;Czech Republic ;Denmark ;Estonia ;Finland ;France ;Georgia ;Germany ;Greece ;Hungary ;Iceland ;Ireland;;Kosovo ;;;Lithuania ;Luxembourg ;Macedonia (FYROM) ;Malta ;;;;Netherlands ;Norway ;Poland ;;Romania ;;;Serbia ;Slovakia ;Slovenia ;Spain;Sweden ;;;;United Kingdom (and associates);;Argentina ;Bahamas ;;;Bolivia;Brazil;Costa Rica ;Chile ;Colombia ;;;Dominican Republic ;Ecuador ;El Salvador ;;Guatemala ;;;;;Mexico ;Nicaragua ;Panama ;;Peru ;;;;Suriname ;;Uruguay ;Venezuela;Canada;United States;Australia;;Fiji ;;;;New Zealand ;;;;;;Tonga;;;;;;;;;;;;;;;;;;;;;;;;;;;;;;;;;;;;;
;Hate Crime;;;;;;;;;;;;;;;;;;;;;;;;;;;;;;;;;;;;;;;;;;;;;;;;;;;;;;;;;;;;;;East Timor ;;;;;;;;;;;;;;;;;;;;;;;;;;;;;;;;;;;;;;;Albania ;Andorra ;;Austria ;;;Belgium ;;;Croatia ;;;Denmark ;;Finland ;France ;Georgia ;;Greece ;Hungary ;;;;Kosovo ;;;Lithuania ;Luxembourg ;;Malta ;;Monaco ;Montenegro ;Netherlands ;Norway ;;Portugal ;Romania ;;San Marino ;Serbia ;Slovakia ;;Spain;Sweden ;Switzerland ;;;United Kingdom (and associates);;Argentina ;;;;Bolivia;Brazil;;Chile ;Colombia ;;;;Ecuador ;El Salvador ;;;;;Honduras ;;Mexico ;Nicaragua ;;;Peru ;;;;;;Uruguay ;;Canada;United States;;;;;;;New Zealand ;;;;Samoa;;;;;;;;;;;;;;;;;;;;;;;;;;;;;;;;;;;;;;;
;Incite-menrt;;;;;;;;;;;;;;;;;;;;;;;;;;;;;;;;;;;;;;;;;;;;;South Africa ;;;;;;;;;;;;;;;;;;;;;;;;;;;;;;;;;;;;;;;;;;;;;;;;;;;;;;;;Albania ;Andorra ;;Austria ;;;Belgium ;Bosnia and Herzegovina;Bulgaria ;Croatia ;Cyprus ;;Denmark ;Estonia ;Finland ;France ;;;Greece ;Hungary ;Iceland ;Ireland;;;;;Lithuania ;Luxembourg ;;Malta ;;Monaco ;Montenegro ;Netherlands ;Norway ;;Portugal ;;;San Marino ;Serbia ;;Slovenia ;Spain;Sweden ;;;;United Kingdom (and associates);;;;;;Bolivia;;;;Colombia ;;;;Ecuador ;;;;;;Honduras ;;Mexico ;;;;Peru ;;;;Suriname ;;Uruguay ;;Canada;;Australia;;;;;;;;;;;;;;;;;;;;;;;;;;;;;;;;;;;;;;;;;;;;;;;;;
;CT Ban;;;;;;;;;;;;;;;;;;;;;;;;;;;;;;;;;;;;;;;;;;;;;;;;;;;;;;;;;;;;;;;;;;;;;;;;;;;;;;;;;;;;;;;;;;;;;;;;;;;;;;;;;;;;;;;;;;;;;;;;;;;;;;;;;;Malta ;;;;;;;;;;;;;;;;;;;;;;;;;;Brazil;;;;;;;Ecuador ;;;;;;;;;;;;;;;;;;;;;;;;;;;;;;;;;;;;;;;;;;;;;;;;;;;;;;;;;;;;;;;;;;;;;;;
Relationship recognition;Marriage;;;;;;;;;;;;;;;;;;;;;;;;;;;;;;;;;;;;;;;;;;;;;South Africa ;;;;;;;;;;;;;;;;;;;;;;;;;;;;;;;;;;;;;;;;;;;;;;;;;;;;;;;;;;;;;;Belgium ;;;;;;Denmark ;;Finland ;France ;;;;;Iceland ;Ireland;;;;;;Luxembourg ;;;;;;Netherlands ;Norway ;;Portugal ;;;;;;;Spain;Sweden ;;;;United Kingdom (and associates);;Argentina ;;;;;Brazil;;;Colombia ;;;;;;;;;;;;Mexico ;;;;;;;;;;Uruguay ;;Canada;United States;;;;;;;New Zealand ;;;;;;;;;;;;;;;;;;;;;;;;;;;;;;;;;;;;;;;;;;;
;Civil recognition;;;;;;;;;;;;;;;;;;;;;;;;;;;;;;;;;;;;;;;;;;;;;South Africa ;;;;;;;;;;;;;;;;;;;;;;;;Israel ;;;;;;;;;;;;;;;;;;;;;;;Taiwan;;;;;;;;;;Andorra ;;Austria ;;;;;;Croatia ;Cyprus ;Czech Republic ;;Estonia ;;France ;;Germany ;Greece ;Hungary ;;;Italy ;;;Liechtenstein ;;;;Malta ;;;;Netherlands ;;;;;;;;;Slovenia ;;;Switzerland ;;;United Kingdom (and associates);;;;;;;Brazil;;Chile ;Colombia ;;;;Ecuador ;;;;;;;;Mexico ;;;;;;;;;;Uruguay ;;;;Australia;;;;;;New Zealand ;;;;;;;;;;;;;;;;;;;;;;;;;;;;;;;;;;;;;;;;;;;
;Joint adoption;;;;;;;;;;;;;;;;;;;;;;;;;;;;;;;;;;;;;;;;;;;;;South Africa ;;;;;;;;;;;;;;;;;;;;;;;;Israel ;;;;;;;;;;;;;;;;;;;;;;;;;;;;;;;;;Andorra ;;Austria ;;;Belgium ;;;;;;Denmark ;;Finland ;France ;;;;;Iceland ;Ireland;;;;;;Luxembourg ;;Malta ;;;;Netherlands ;Norway ;;Portugal ;;;;;;;Spain;Sweden ;;;;United Kingdom (and associates);;Argentina ;;;;;Brazil;;;Colombia ;;;;;;;;;;;;Mexico ;;;;;;;;;;Uruguay ;;;United States;Australia;;;;;;New Zealand ;;;;;;;;;;;;;;;;;;;;;;;;;;;;;;;;;;;;;;;;;;;
;2nd parent adoption;;;;;;;;;;;;;;;;;;;;;;;;;;;;;;;;;;;;;;;;;;;;;South Africa ;;;;;;;;;r;;;;;;;;;;;;;;;;;;;;;;;;;;;;;;;;;;;;;;;;;;;;;;;;Andorra ;;Austria ;;;Belgium ;;;;;;Denmark ;Estonia ;Finland ;France ;;Germany ;;;Iceland ;Ireland;;;;;;Luxembourg ;;;;;;Netherlands ;Norway ;;Portugal ;;;;;;Slovenia ;Spain;Sweden ;;;;United Kingdom (and associates);;Argentina ;;;;;;;;Colombia ;;;;;;;;;;;;;;;;;;;;;;Uruguay ;;Canada;United States;Australia;;;;;;New Zealand ;;;;;;;;;;;;;;;;;;;;;;;;;;;;;;;;;;;;;;;;;;;